"","Pool","n_samples","Final_Volume","Theoretical_Conc"
"1",1,35,128.66,2.75307267215918
"2",2,184,621.59,19.1190392219952
"3",3,357,2210.62,65.4605779916946
"4",4,357,2210.62,65.4605779916946
