"","Pool","n_samples","Final_Volume","Theoretical_Conc"
"1",1,2,11.7,3.32377777777778
"2",2,7,35.48,33.6994148816234
"3",3,29,109.65,2.67674829001368
"4",4,148,498.67,19.1704486734714
"5",5,294,1827.33,65.2160369446132
"6",6,11,57.71,5.26286796049212
"7",7,85,324.15,46.500410550671
