"","Pool","n_samples","Final_Volume","Theoretical_Conc"
"1",1,47,222.97,0.124390030048885
"2",2,98,450.7,0.815362946527624
"3",3,47,241.76,4.69682395764394
